"order","file","name","meaning","type","unicode","source"
"1","001_微笑.png","/微笑","微笑，礼貌、友好","wx-classic","🙂","web"
"2","002_撇嘴.png","/撇嘴","撇嘴，不满、委屈","wx-classic","😟","web"
"3","003_色.png","/色","花痴，喜欢、爱慕","wx-classic","😍","web"
"4","004_发呆.png","/发呆","发呆，懵、走神","wx-classic","😦","web"
"5","005_得意.png","/得意","得意，酷、自信","wx-classic","😎","web"
"6","006_流泪.png","/流泪","流泪，大哭、悲伤","wx-classic","😭","web"
"7","007_害羞.png","/害羞","害羞微笑，友好、腼腆","wx-classic","😊","web"
"8","008_闭嘴.png","/闭嘴","闭嘴，保密、安静","wx-classic","🤐","web"
"9","009_睡.png","/睡","睡觉，困了","wx-classic","😪","web"
"10","010_大哭.png","/大哭","大哭，伤心","wx-classic","😢","web"
"11","011_尴尬.png","/尴尬","尴尬，场面尴尬","wx-classic","","web"
"12","012_发怒.png","/发怒","发怒，愤怒、火大","wx-classic","😡","web"
"13","013_调皮.png","/调皮","调皮，吐舌玩闹","wx-classic","😛","web"
"14","014_呲牙.png","/呲牙","呲牙，咧嘴笑、高兴","wx-classic","😁","web"
"15","015_惊讶.png","/惊讶","惊讶，震惊","wx-classic","😲","web"
"16","016_难过.png","/难过","难过，不开心","wx-classic","🙁","web"
"17","017_囧.png","/囧","囧，尴尬、无奈（微信经典表情）","wx-classic","","web"
"18","018_抓狂.png","/抓狂","抓狂，崩溃","wx-classic","😫","web"
"19","019_吐.png","/吐","吐，呕吐、恶心","wx-classic","🤮","web"
"20","020_偷笑.png","/偷笑","偷笑，捂嘴笑、憋笑","wx-classic","🤭","web"
"21","021_愉快.png","/愉快","愉快，开心、心情好","wx-classic","","web"
"22","022_白眼.png","/白眼","白眼（新版），无语、嫌弃","wx-classic","🙄","web"
"23","023_傲慢.png","/傲慢","困惑，不太高兴、别扭","wx-classic","😕","web"
"24","024_困.png","/困","困（新版），犯困","wx-classic","😪","web"
"25","025_惊恐.png","/惊恐","惊恐，害怕","wx-classic","😨","web"
"26","026_憨笑.png","/憨笑","憨笑，开心大笑","wx-classic","😀","web"
"27","027_悠闲.png","/悠闲","悠闲，抽烟、惬意","wx-classic","🚬","web"
"28","028_咒骂.png","/咒骂","咒骂，骂人、爆粗","wx-classic","🤬","web"
"29","029_疑问.png","/疑问","疑问，疑惑、问号脸","wx-classic","","web"
"30","030_嘘.png","/嘘","嘘，安静、保密","wx-classic","🤫","web"
"31","031_晕.png","/晕","晕，头晕、晕倒","wx-classic","😵","web"
"32","032_衰.png","/衰","衰，倒霉、想哭","wx-classic","😢","web"
"33","033_骷髅.png","/骷髅","骷髅，笑死、无语、吓人","wx-classic","💀","web"
"34","034_敲打.png","/敲打","敲打，受伤、挨打","wx-classic","🤕","web"
"35","035_再见.png","/再见","挥手再见、告别","wx-classic","👋","web"
"36","036_擦汗.png","/擦汗","擦汗，尴尬、紧张","wx-classic","","web"
"37","037_抠鼻.png","/抠鼻","抠鼻，不屑、无语","wx-classic","","web"
"38","038_鼓掌.png","/鼓掌","鼓掌，欢迎、喝彩","wx-classic","👏","web"
"39","039_坏笑.png","/坏笑","坏笑，龇牙、尴尬","wx-classic","😬","web"
"40","040_右哼哼.png","/右哼哼","右哼哼，不服气","wx-classic","😤","web"
"41","041_鄙视.png","/鄙视","鄙视，看不起、嫌弃","wx-classic","","web"
"42","042_委屈.png","/委屈","委屈（新版），难过","wx-classic","🙁","web"
"43","043_快哭了.png","/快哭了","快哭了，委屈、难过","wx-classic","😥","web"
"44","044_阴险.png","/阴险","阴险，坏笑、算计","wx-classic","😏","web"
"45","045_亲亲.png","/亲亲","亲亲","wx-classic","😚","web"
"46","046_可怜.png","/可怜","可怜巴巴，求人、委屈","wx-classic","🥺","web"
"47","047_笑脸.png","/笑脸","笑脸，开心","wx-2021","😄","mp"
"48","048_生病.png","/生病","生病，感冒、不舒服","wx-2021","😷","mp"
"49","049_脸红.png","/脸红","脸红，害羞","wx-2021","😳","mp"
"50","050_破涕为笑.png","/破涕为笑","破涕为笑，笑哭、笑得流泪","wx-2021","😂","mp"
"51","051_恐惧.png","/恐惧","恐惧（新版），害怕","wx-2021","😱","mp"
"52","052_失望.png","/失望","失望，低落","wx-2021","😔","mp"
"53","053_无语.png","/无语","无语，嫌弃","wx-2021","😒","mp"
"54","054_嘿哈.png","/嘿哈","嘿哈，开心打招呼","wx-2021","","mp"
"55","055_捂脸.png","/捂脸","捂脸，无语、尴尬、哭笑不得","wx-2021","","mp"
"56","056_奸笑.png","/奸笑","奸笑，阴险得意、坏笑","wx-2021","","mp"
"57","057_机智.png","/机智","机智，聪明、机灵","wx-2021","","mp"
"58","058_皱眉.png","/皱眉","皱眉（新版），可怜、难过","wx-2021","🥺","mp"
"59","059_耶.png","/耶","耶（新版），胜利、开心","wx-2021","✌","mp"
"60","060_吃瓜.png","/吃瓜","吃瓜，围观、看热闹","wx-2021","","mp"
"61","061_加油.png","/加油","加油，鼓励、打气","wx-2021","","mp"
"62","062_汗.png","/汗","汗（新版），尴尬、无奈","wx-2021","😓","mp"
"63","063_天啊.png","/天啊","天啊，惊讶、惊呼","wx-2021","😲","mp"
"64","064_emm.png","/emm","emm，无语、尴尬","wx-2021","😑","mp"
"65","065_社会社会.png","/社会社会","社会社会，佩服、厉害（调侃）","wx-2021","","mp"
"66","066_旺柴.png","/旺柴","旺柴（柴犬头），调侃、滑稽","wx-2021","🐶","mp"
"67","067_好的.png","/好的","好的（新版），OK、没问题","wx-2021","👌","mp"
"68","068_打脸.png","/打脸","打脸（新版），受伤、尴尬","wx-2021","🤕","mp"
"69","069_哇.png","/哇","哇，星星眼、崇拜","wx-2021","🤩","mp"
"70","070_翻白眼.png","[翻白眼]","翻白眼，无语、嫌弃","wx-2021","🙄","mp"
"71","071_666.png","[666]","666，厉害、牛","wx-2021","","mp"
"72","072_让我看看.png","[让我看看]","让我看看，好奇、围观","wx-2021","","mp"
"73","073_叹气.png","[叹气]","叹气，无奈、感慨","wx-2021","","mp"
"74","074_苦涩.png","[苦涩]","苦涩，心酸、无奈","wx-2021","","mp"
"75","075_裂开.png","[裂开]","裂开，心态崩了、震惊","wx-2021","","mp"
"76","076_嘴唇.png","/嘴唇","嘴唇，示爱、飞吻","wx-object","👄","web"
"77","077_爱心.png","/爱心","爱心，喜欢、爱","wx-object","❤","web"
"78","078_心碎.png","/心碎","心碎，伤心、失恋","wx-object","💔","web"
"79","079_拥抱.png","/拥抱","拥抱，欢迎、抱抱","wx-classic","🤗","web"
"80","080_强.png","/强","肌肉，强壮、加油","wx-object","💪","web"
"81","081_弱.png","/弱","弱，不行、认输（经典表情）","wx-object","","web"
"82","082_握手.png","/握手","握手，合作、达成一致","wx-object","🤝","web"
"83","083_胜利.png","/胜利","胜利，成功、赢","wx-object","✌","web"
"84","084_抱拳.png","/抱拳","抱拳，感谢、拜托","wx-object","🙏","web"
"85","085_勾引.png","/勾引","勾引，撩人、挑逗","wx-object","","web"
"86","086_拳头.png","/拳头","拳头，加油、打气","wx-object","✊","web"
"87","087_OK.png","/OK","OK，好的、没问题","wx-object","👌","web"
"88","088_合十.png","/合十","合十（新版），感谢、祈祷","wx-object","🙏","web"
"89","089_啤酒.png","/啤酒","啤酒，干杯、聚会","wx-object","🍺","web"
"90","090_咖啡.png","/咖啡","咖啡，提神、喝一杯","wx-object","☕","web"
"91","091_蛋糕.png","/蛋糕","蛋糕，生日、庆祝","wx-object","🍰","web"
"92","092_玫瑰.png","/玫瑰","玫瑰，爱情、示爱、感谢","wx-object","🌹","web"
"93","093_凋谢.png","/凋谢","凋谢，失恋、心灰意冷","wx-object","🥀","web"
"94","094_菜刀.png","/菜刀","菜刀，切菜、威胁","wx-object","🔪","web"
"95","095_炸弹.png","/炸弹","炸弹，炸了、劲爆","wx-object","💣","web"
"96","096_便便.png","/便便","便便，恶心、调侃","wx-object","💩","web"
"97","097_月亮.png","/月亮","月亮，夜晚、晚安","wx-object","🌙","web"
"98","098_太阳.png","/太阳","太阳，白天、阳光好天气","wx-object","🌞","web"
"99","099_庆祝.png","/庆祝","庆祝，祝贺、派对、开派对","wx-object","🎉","web"
"100","100_礼物.png","/礼物","礼物，惊喜、赠送","wx-object","🎁","web"
"101","101_红包.png","/红包","红包，恭喜发财、收钱","wx-object","🧧","web"
"102","102_發.png","/發","麻将「發」牌，招财进宝","wx-object","🀅","web"
"103","103_福.png","/福","福，祝福、过年、喜庆","wx-object","","web"
"104","104_烟花.png","/烟花","烟花，过年、庆祝","wx-object","🎆","web"
"105","105_爆竹.png","/爆竹","爆竹，过年、热闹","wx-object","🧨","web"
"106","106_猪头.png","/猪头","猪头，贪吃、调侃对方","wx-classic","🐷","web"
"107","107_发抖.png","/发抖","发抖，冷、冻僵","wx-object","🥶","web"
"108","108_跳跳.png","/跳跳","跳跳，蹦跳、开心","wx-object","","web"
"109","109_转圈.png","/转圈","转圈，庆祝、晕头转向","wx-object","","web"
"110","110_吐舌.png","/吐舌","吐舌，调皮、得意","wx-2021","😝","mp"
"111","111_加油加油.png","/加油加油","加油加油，强力鼓劲","wx-2021","","mp"
